File Number,Description
1,NULL
2,NULL
3,NULL
4,NULL
5,NULL
6,NULL
7,NULL
8,"GeoVerra, Nav Photo - gsp21
321"
9,"GeoVerra, Nav Photo - gsp20
320"
10,"GeoVerra, Nav Photo - gsp20
320"
11,"GeoVerra, Nav Photo - gsp19
319"
12,"GeoVerra, Nav Photo - gsp19
319"
13,"GeoVerra, Nav Photo - gsp18
318"
14,"GeoVerra, Nav Photo - gsp18
318"
15,"GeoVerra, Nav Photo - gsp17
317"
16,"GeoVerra, Nav Photo - gsp17
317"
17,"GeoVerra, Nav Photo - gsp16
316"
18,"GeoVerra, Nav Photo - gsp16
316"
19,"GeoVerra, Nav Photo - gsp15
315"
20,"GeoVerra, Nav Photo - gsp15
315"
21,"GeoVerra, Nav Photo - gsp12
312"
22,"GeoVerra, Nav Photo - gsp12
312"
23,"GeoVerra, Nav Photo - gsp12
312"
24,"GeoVerra, Nav Photo - gsp13
313"
25,"GeoVerra, Nav Photo - gsp13
313"
26,"GeoVerra, Nav Photo - gsp13
313"
27,"GeoVerra, Nav Photo - gsp14
314"
28,"GeoVerra, Nav Photo - gsp14
314"
29,"GeoVerra, Nav Photo - gsp24
324"
30,"GeoVerra, Nav Photo - gsp24
324"
31,"GeoVerra, Nav Photo - gsp23-1
323-1"
32,"GeoVerra, Nav Photo - gsp23-1
323-1"
33,"GeoVerra, Nav Photo - gsp23-1
323-1"
34,NULL
35,NULL
36,NULL
37,NULL
38,NULL
39,NULL
40,NULL
41,NULL
42,NULL
43,NULL
44,NULL
45,NULL
46,NULL
47,NULL
48,NULL
49,NULL
50,NULL
51,NULL
52,NULL
53,NULL
54,NULL
55,NULL
56,NULL
57,NULL
58,NULL
59,NULL
60,NULL
61,NULL
62,NULL
63,NULL
